{
  "model": "f3",
  "K": 12,
  "params": {
    "w0": 69.99999999734375,
    "f0": 0.17957016154582428,
    "gamma": 10.810501463138829
  },
  "n_points": 51,
  "cost": 14.354170693838519,
  "pinned": true,
  "P_ext": [
    2.590933106572613e-109,
    1.5254752179444548e-104,
    8.778840131441992e-100,
    4.918655216347787e-95,
    2.6707541509621083e-90,
    1.397839336380332e-85,
    7.007635708402485e-81,
    3.340107111517784e-76,
    1.500567299186366e-71,
    6.289871902976668e-67,
    2.4307897390173436e-62,
    8.541107786001037e-58,
    2.6844005572009835e-53,
    7.403534365465677e-49,
    1.7521214157220727e-44,
    3.46610173522922e-40,
    5.558489672439036e-36,
    6.971813188774293e-32,
    6.558822857013679e-28,
    4.40740051530856e-24,
    1.9985069927444648e-20,
    5.723907331756991e-17,
    9.592916784418783e-14,
    8.617722754150279e-11,
    3.7579552476879026e-08,
    7.135201929493737e-06,
    0.0005280474089712629,
    0.013918251938425958,
    0.12862065751851237,
    0.47223887568323797
  ]
}