{
  "tempered": {
    "p_ladder": [
      0.006,
      0.005416234623832522,
      0.0048892662500670345,
      0.004413568858124809,
      0.003984154077340757,
      0.0035965188767294195,
      0.0032465983442348536,
      0.0029307230602870233,
      0.0026455806186651627,
      0.002388180891159085,
      0.0021558246717785063,
      0.0019460753716998536,
      0.0017567334681314144,
      0.0015858134391564579,
      0.0014315229426830219,
      0.001292244021161733,
      0.0011665161349761234,
      0.0010530208465861614,
      0.0009505679948162331,
      0.000858083214305122,
      0.0007745966692414835,
      0.0006992328832418448,
      0.0006312015587227869,
      0.0005697892894952355,
      0.0005143520796755042,
      0.0004643085904631214,
      0.00041913404396820526,
      0.0003783547201612558,
      0.0003415429892379762,
      0.00030831282730633074,
      0.0002783157683713741,
      0.000251237250168598,
      0.00022679331552660548,
      0.0002047276346681623,
      0.00018480881722417257,
      0.00016682798577318317,
      0.00015059658546149227,
      0.00013594440673458125,
      0.00012271780044536827,
      0.00011077806662212889,
      0.0001
    ],
    "P_logical": [
      0.166,
      0.10462621229825288,
      0.061350594314969434,
      0.03519018049331259,
      0.020446041703890482,
      0.012002557904807478,
      0.0070409543843473164,
      0.0042524264842416755,
      0.002507430781600586,
      0.0015114505506689392,
      0.0009033207908721371,
      0.0005399251741926165,
      0.0003300511527585208,
      0.00020382745425026792,
      0.0001300631660497939,
      8.461144944390066e-05,
      5.5783358211209085e-05,
      3.783875903327939e-05,
      2.585732107275964e-05,
      1.795463195400934e-05,
      1.2482699823105389e-05,
      8.699610769863368e-06,
      6.1113140544807935e-06,
      4.335690825400708e-06,
      3.089612368457678e-06,
      2.2072193463765827e-06,
      1.5723522277316836e-06,
      1.1302937628374363e-06,
      8.133573111036251e-07,
      5.874419391633506e-07,
      4.2464597053546254e-07,
      3.0838234214428093e-07,
      2.2444157438801897e-07,
      1.6400367085579205e-07,
      1.201540820917272e-07,
      8.822597105657272e-08,
      6.481716528116698e-08,
      4.770250188674773e-08,
      3.511863611544199e-08,
      2.580872336498552e-08,
      1.897893289003223e-08
    ],
    "P_logical_se": [
      0.008319975961503736,
      0.007068286262771999,
      0.004513998678686935,
      0.002817571018386644,
      0.0019150562873850247,
      0.0012055005621583296,
      0.0007388342995166184,
      0.00045965585420836507,
      0.0002740611430435812,
      0.00017006013335632022,
      0.00010557407352860423,
      6.488688837166635e-05,
      4.068266732436268e-05,
      2.543580752108758e-05,
      1.6368771624253726e-05,
      1.0768225295152547e-05,
      7.171448493643281e-06,
      4.9033500485987485e-06,
      3.3800124315611328e-06,
      2.352389054946085e-06,
      1.6393681447922835e-06,
      1.1434175774112454e-06,
      8.040118429594414e-07,
      5.708306629713167e-07,
      4.0736837130932324e-07,
      2.913819801671678e-07,
      2.0775819400516133e-07,
      1.4946430708346223e-07,
      1.0769784083599087e-07,
      7.7801637908054e-08,
      5.624963365757896e-08,
      4.087283892008603e-08,
      2.9769605674457026e-08,
      2.1771385700934468e-08,
      1.5960554493712397e-08,
      1.1721155239734874e-08,
      8.613548992193497e-09,
      6.3405697024752905e-09,
      4.669600126216969e-09,
      3.4327268393224286e-09,
      2.524925232799442e-09
    ]
  },
  "diagnostics": {
    "swap_accept": [
      0.7275,
      0.7441666666666666,
      0.7825,
      0.7675,
      0.7741666666666667,
      0.7583333333333333,
      0.8191666666666667,
      0.7933333333333333,
      0.8266666666666667,
      0.8258333333333333,
      0.8041666666666667,
      0.8216666666666667,
      0.8108333333333333,
      0.8441666666666666,
      0.8266666666666667,
      0.825,
      0.8408333333333333,
      0.8525,
      0.8616666666666667,
      0.8683333333333333,
      0.8458333333333333,
      0.8675,
      0.9008333333333334,
      0.9075,
      0.9091666666666667,
      0.9091666666666667,
      0.9216666666666666,
      0.92,
      0.9291666666666667,
      0.9258333333333333,
      0.9258333333333333,
      0.9383333333333334,
      0.9391666666666667,
      0.9541666666666667,
      0.9425,
      0.965,
      0.9716666666666667,
      0.9616666666666667,
      0.9641666666666666,
      0.9641666666666666
    ],
    "mean_weight": [
      31.860714285714284,
      29.926190476190477,
      27.783333333333335,
      25.707142857142856,
      23.65714285714286,
      21.78095238095238,
      19.898809523809526,
      18.676190476190477,
      17.132142857142856,
      16.03095238095238,
      14.989285714285714,
      13.82857142857143,
      12.880952380952381,
      11.791666666666666,
      10.875,
      10.092857142857143,
      9.230952380952381,
      8.628571428571428,
      7.975,
      7.548809523809524,
      7.123809523809523,
      6.688095238095238,
      6.2821428571428575,
      5.951190476190476,
      5.678571428571429,
      5.472619047619047,
      5.171428571428572,
      4.979761904761904,
      4.764285714285714,
      4.604761904761904,
      4.41547619047619,
      4.266666666666667,
      4.1119047619047615,
      3.980952380952381,
      3.8714285714285714,
      3.780952380952381,
      3.6880952380952383,
      3.6166666666666667,
      3.5773809523809526,
      3.5154761904761904,
      3.4535714285714287
    ]
  }
}