{
  "tempered": {
    "p_ladder": [
      0.006,
      0.005663245876090166,
      0.005345392308842037,
      0.0050453784915222896,
      0.004762203155904602,
      0.004494921230630045,
      0.0042426406871192875,
      0.004004519562510106,
      0.00377976314968462,
      0.003567621345008165,
      0.0033673861449281216,
      0.003178389283077886,
      0.003
    ],
    "P_logical": [
      0.166,
      0.12225263827380307,
      0.09052362996140217,
      0.0673055052386209,
      0.04953572647485898,
      0.03624783574528813,
      0.026527690395811748,
      0.019650867641794592,
      0.014529729506926534,
      0.011053831415227158,
      0.008443737634397612,
      0.006581707965991675,
      0.00519587524010148
    ],
    "P_logical_se": [
      0.008319975961503736,
      0.006644584614465408,
      0.005150230608924223,
      0.003910731593607062,
      0.002915041893717252,
      0.002147211739644055,
      0.001579100788488386,
      0.0011831642607471999,
      0.0008784483614558317,
      0.0006818340272825987,
      0.0005327502569079767,
      0.00043178027842691004,
      0.0003581391480761565
    ]
  },
  "diagnostics": {
    "swap_accept": [
      0.8341666666666666,
      0.8258333333333333,
      0.845,
      0.8391666666666666,
      0.8391666666666666,
      0.8416666666666667,
      0.845,
      0.8375,
      0.8675,
      0.8691666666666666,
      0.8616666666666667,
      0.885
    ],
    "mean_weight": [
      32.79404761904762,
      31.23690476190476,
      29.651190476190475,
      28.498809523809523,
      27.260714285714286,
      26.090476190476192,
      24.704761904761906,
      23.695238095238096,
      22.18095238095238,
      21.2,
      19.908333333333335,
      18.872619047619047,
      17.827380952380953
    ]
  }
}