{
  "model": "f3",
  "K": 12,
  "params": {
    "w0": 6.0,
    "f0": 5.113447843922048e-10,
    "gamma": 8.43130594258338
  },
  "n_points": 40,
  "cost": 325.59750632676764,
  "pinned": true,
  "P_ext": [
    7.002280495394227e-19,
    1.8012486444947098e-18,
    4.627367935280682e-18,
    1.186943233261077e-17,
    3.039192612696636e-17,
    7.76608499484904e-17,
    1.9798428421556732e-16,
    5.033829485129382e-16,
    1.2759865891157448e-15,
    3.223309995311035e-15,
    8.11122666166715e-15,
    2.032439954654095e-14,
    5.069000643480419e-14,
    1.2579154511073096e-13,
    3.105299897265536e-13,
    7.62530152924499e-13,
    1.863002966541272e-12,
    4.531614929439289e-12,
    1.0987461112535149e-11,
    2.660574774048729e-11,
    6.451672158623274e-11,
    1.5723040195542783e-10,
    3.8673811675079526e-10,
    9.645151769036265e-10,
    2.4497798284497718e-09,
    6.360095992736108e-09,
    1.692089261952924e-08,
    4.619407203614895e-08,
    1.2944726891908676e-07,
    3.7220270244127734e-07
  ]
}