{
  "model": "f3",
  "K": 12,
  "params": {
    "w0": 45.9999999946443,
    "f0": 0.0010014717304942839,
    "gamma": 10.77856154433413
  },
  "n_points": 45,
  "cost": 16.965537489690373,
  "pinned": true,
  "P_ext": [
    3.0912154154650175e-58,
    3.757725182804067e-55,
    4.412236602256512e-52,
    4.974451108715874e-49,
    5.347569731809198e-46,
    5.436855211332876e-43,
    5.17809037253654e-40,
    4.568423286951362e-37,
    3.6851739771179385e-34,
    2.676726217350691e-31,
    1.7196715955712494e-28,
    9.570309265070776e-26,
    4.5028423363051787e-23,
    1.7411672346840864e-20,
    5.354587034007906e-18,
    1.2608353533511547e-15,
    2.176242750502931e-13,
    2.620460407923115e-11,
    2.083360916624825e-09,
    1.0313273775312906e-07,
    3.00455795148829e-06,
    4.9557789325242286e-05,
    0.00046974288092831504,
    0.0028949323801641317,
    0.01437350462964409,
    0.06477852244069283,
    0.24342028966597493,
    0.6180520629070073,
    0.9295087234926331,
    0.9972985805704968
  ]
}