{
  "tempered": {
    "p_ladder": [
      0.006,
      0.005416234623832522,
      0.0048892662500670345,
      0.004413568858124809,
      0.003984154077340757,
      0.0035965188767294195,
      0.0032465983442348536,
      0.0029307230602870233,
      0.0026455806186651627,
      0.002388180891159085,
      0.0021558246717785063,
      0.0019460753716998536,
      0.0017567334681314144,
      0.0015858134391564579,
      0.0014315229426830219,
      0.001292244021161733,
      0.0011665161349761234,
      0.0010530208465861614,
      0.0009505679948162331,
      0.000858083214305122,
      0.0007745966692414835,
      0.0006992328832418448,
      0.0006312015587227869,
      0.0005697892894952355,
      0.0005143520796755042,
      0.0004643085904631214,
      0.00041913404396820526,
      0.0003783547201612558,
      0.0003415429892379762,
      0.00030831282730633074,
      0.0002783157683713741,
      0.000251237250168598,
      0.00022679331552660548,
      0.0002047276346681623,
      0.00018480881722417257,
      0.00016682798577318317,
      0.00015059658546149227,
      0.00013594440673458125,
      0.00012271780044536827,
      0.00011077806662212889,
      0.0001
    ],
    "P_logical": [
      0.2905,
      0.05571855843970096,
      0.00888095220618503,
      0.001055497028576811,
      9.75329524680514e-05,
      7.257536500636752e-06,
      3.9573911165441636e-07,
      1.9769502491362047e-08,
      8.341720805541238e-10,
      3.137816552283311e-11,
      9.885722687916664e-13,
      2.7586032294167608e-14,
      6.701138981840133e-16,
      1.4993947092852736e-17,
      2.929252045187844e-19,
      5.6742013691287816e-21,
      1.1655589389466557e-22,
      2.7213451950897146e-24,
      7.176693363285113e-26,
      2.472961684295974e-27,
      1.308293747122969e-28,
      1.6412807735483797e-29,
      8.865019130508859e-30,
      5.048494313036291e-30,
      2.8915854941023836e-30,
      1.6170988435526222e-30,
      9.164683882156837e-31,
      5.085560499796972e-31,
      2.857091745551837e-31,
      1.5905846274391988e-31,
      8.868251656764912e-32,
      4.965568879123023e-32,
      2.777650579252254e-32,
      1.541522650211375e-32,
      8.614736157171185e-33,
      4.8296085070307016e-33,
      2.7347912176104963e-33,
      1.5343492498842068e-33,
      8.711450352457794e-34,
      4.8911824259412784e-34,
      2.7463027593909217e-34
    ],
    "P_logical_se": [
      0.010151594702311553,
      0.01333572189518581,
      0.002280509557033738,
      0.00028773037491053755,
      2.7446172507338083e-05,
      2.0717032587780846e-06,
      1.1639659965252574e-07,
      6.010958114381771e-09,
      2.6024027489026995e-10,
      1.0048859759337867e-11,
      3.2711720644622727e-13,
      9.516540538023444e-15,
      2.431434735661258e-16,
      5.656898425178448e-18,
      1.1406499901750015e-19,
      2.2722493207212243e-21,
      4.8330715368771044e-23,
      1.18948709830101e-24,
      3.4265377482579167e-26,
      1.2555621008150494e-27,
      6.97399960061059e-29,
      9.523378477152116e-30,
      5.2047287397857865e-30,
      2.973352825735828e-30,
      1.704600383102558e-30,
      9.533342379316342e-31,
      5.403467971092336e-31,
      2.998731633929933e-31,
      1.6853031667522716e-31,
      9.388567965761304e-32,
      5.240120803416662e-32,
      2.935978407595862e-32,
      1.642924981029929e-32,
      9.123355881489023e-33,
      5.099823748007849e-33,
      2.85978734458273e-33,
      1.6195553317519647e-33,
      9.088918121172782e-34,
      5.161008429732915e-34,
      2.8989323661136736e-34,
      1.6282557300233091e-34
    ]
  },
  "diagnostics": {
    "swap_accept": [
      0.60625,
      0.703125,
      0.703125,
      0.74375,
      0.81875,
      0.728125,
      0.75625,
      0.746875,
      0.790625,
      0.7875,
      0.815625,
      0.796875,
      0.859375,
      0.81875,
      0.803125,
      0.784375,
      0.775,
      0.734375,
      0.696875,
      0.628125,
      0.1375,
      0.85,
      0.85625,
      0.85625,
      0.86875,
      0.8875,
      0.89375,
      0.88125,
      0.928125,
      0.884375,
      0.9,
      0.903125,
      0.878125,
      0.915625,
      0.890625,
      0.921875,
      0.925,
      0.953125,
      0.95,
      0.9375
    ],
    "mean_weight": [
      87.025,
      81.85,
      78.365,
      75.45,
      72.705,
      71.19,
      68.135,
      65.975,
      63.5,
      62.12,
      60.61,
      59.52,
      58.2,
      57.53,
      56.09,
      54.145,
      52.03,
      49.925,
      46.53,
      42.445,
      35.34,
      15.565,
      13.245,
      12.38,
      11.92,
      11.15,
      10.82,
      10.21,
      9.845,
      9.46,
      9.02,
      8.705,
      8.48,
      8.14,
      7.865,
      7.57,
      7.465,
      7.165,
      7.12,
      6.985,
      6.955
    ]
  },
  "seeded": true,
  "n_seeds": 71
}