{
  "tempered": {
    "p_ladder": [
      0.006,
      0.005416234623832522,
      0.0048892662500670345,
      0.004413568858124809,
      0.003984154077340757,
      0.0035965188767294195,
      0.0032465983442348536,
      0.0029307230602870233,
      0.0026455806186651627,
      0.002388180891159085,
      0.0021558246717785063,
      0.0019460753716998536,
      0.0017567334681314144,
      0.0015858134391564579,
      0.0014315229426830219,
      0.001292244021161733,
      0.0011665161349761234,
      0.0010530208465861614,
      0.0009505679948162331,
      0.000858083214305122,
      0.0007745966692414835,
      0.0006992328832418448,
      0.0006312015587227869,
      0.0005697892894952355,
      0.0005143520796755042,
      0.0004643085904631214,
      0.00041913404396820526,
      0.0003783547201612558,
      0.0003415429892379762,
      0.00030831282730633074,
      0.0002783157683713741,
      0.000251237250168598,
      0.00022679331552660548,
      0.0002047276346681623,
      0.00018480881722417257,
      0.00016682798577318317,
      0.00015059658546149227,
      0.00013594440673458125,
      0.00012271780044536827,
      0.00011077806662212889,
      0.0001
    ],
    "P_logical": [
      0.2905,
      0.06300168080803387,
      0.009574206406230893,
      0.0010683688107365192,
      8.502024337973148e-05,
      4.775696470839534e-06,
      1.912196372286179e-07,
      6.5040237227436e-09,
      1.7449062808971656e-10,
      4.048611932602522e-12,
      7.606487050223338e-14,
      1.2637737119784473e-15,
      1.762818184511005e-17,
      2.109628351905053e-19,
      2.231181252969317e-21,
      2.1736294812084303e-23,
      1.9096987695991697e-25,
      1.5947297882659571e-27,
      1.1934903540336706e-29,
      8.918626543591478e-32,
      5.879890681138849e-34,
      3.89721116253581e-36,
      2.428655569933189e-38,
      1.4917503128368432e-40,
      9.085404242462866e-43,
      5.5095597931156004e-45,
      3.2645783114555977e-47,
      2.010420502497313e-49,
      1.2424464780481872e-51,
      8.179872238107184e-54,
      5.50031352609508e-56,
      3.911050612778318e-58,
      2.9474414366139517e-60,
      2.452735014247528e-62,
      2.1400434628511802e-64,
      2.143830252378e-66,
      2.682307083065164e-68,
      4.18134993973736e-70,
      1.0297886452498764e-71,
      3.898633913221528e-73,
      2.8406008069438853e-74
    ],
    "P_logical_se": [
      0.010151594702311553,
      0.003944157608167462,
      0.0009597292841245927,
      0.00016053234050272407,
      1.889239699768176e-05,
      1.3606510003232334e-06,
      6.099209663318972e-08,
      2.209463173987902e-09,
      6.241445382666652e-11,
      1.505118954176992e-12,
      2.961747821428001e-14,
      5.239700573949204e-16,
      7.812768926591182e-18,
      9.83550812055694e-20,
      1.090551454539131e-21,
      1.1113266339597768e-23,
      1.0148803954842454e-25,
      8.78257084398166e-28,
      6.778588626300494e-30,
      5.219404914407979e-32,
      3.5095251699967402e-34,
      2.378740817565128e-36,
      1.508072903817124e-38,
      9.389547437496989e-41,
      5.778487995386434e-43,
      3.535893316711984e-45,
      2.1076953463769962e-47,
      1.309253974689411e-49,
      8.163188031711274e-52,
      5.444297248873808e-54,
      3.7084419309565694e-56,
      2.672325123507014e-58,
      2.0396830068496953e-60,
      1.7106333913554763e-62,
      1.4996288755964054e-64,
      1.517357041802729e-66,
      1.9391150327433835e-68,
      3.094426424427303e-70,
      8.166694721276569e-72,
      3.191738352948495e-73,
      2.38800180942123e-74
    ]
  },
  "diagnostics": {
    "swap_accept": [
      0.684375,
      0.70625,
      0.7375,
      0.809375,
      0.815625,
      0.76875,
      0.809375,
      0.803125,
      0.84375,
      0.825,
      0.865625,
      0.871875,
      0.865625,
      0.840625,
      0.8375,
      0.896875,
      0.88125,
      0.8875,
      0.93125,
      0.9125,
      0.875,
      0.9125,
      0.86875,
      0.915625,
      0.884375,
      0.903125,
      0.865625,
      0.871875,
      0.834375,
      0.884375,
      0.86875,
      0.79375,
      0.846875,
      0.828125,
      0.815625,
      0.778125,
      0.778125,
      0.721875,
      0.6375,
      0.609375
    ],
    "mean_weight": [
      84.895,
      81.81,
      78.745,
      76.755,
      75.05,
      73.77,
      71.365,
      69.97,
      68.265,
      67.335,
      65.97,
      65.36,
      64.58,
      63.945,
      62.945,
      62.16,
      61.275,
      60.98,
      59.9,
      59.935,
      58.945,
      58.65,
      57.9,
      57.375,
      56.655,
      56.295,
      55.44,
      55.07,
      54.055,
      53.385,
      52.48,
      51.815,
      50.525,
      49.86,
      48.58,
      46.935,
      44.97,
      42.01,
      37.91,
      31.485,
      26.765
    ]
  }
}