{
  "model": "f3",
  "K": 12,
  "params": {
    "w0": 6.0,
    "f0": 2.1516200439530132e-10,
    "gamma": 8.765926120213063
  },
  "n_points": 53,
  "cost": 238011.55486350105,
  "pinned": true,
  "P_ext": [
    4.0298725983441636e-17,
    1.0279883026515035e-16,
    2.6157012384744385e-16,
    6.636657492567597e-16,
    1.6785082486816531e-15,
    4.2301973994900894e-15,
    1.0619856378796379e-14,
    2.6550707101784306e-14,
    6.609244358235003e-14,
    1.6380691561985652e-13,
    4.0430432311652876e-13,
    9.943136282631561e-13,
    2.4390990182809276e-12,
    5.977903384926162e-12,
    1.467330195520503e-11,
    3.618774717509352e-11,
    9.00253728449838e-11,
    2.2691590493604367e-10,
    5.821202902585032e-10,
    1.5259966631459092e-09,
    4.100410972475308e-09,
    1.1315440423894457e-08,
    3.2095752708070176e-08,
    9.357338508023001e-08,
    2.802484366565663e-07,
    8.614546138109817e-07,
    2.7148135568001415e-06,
    8.760290721965665e-06,
    2.8904278903642965e-05,
    9.736464945742992e-05
  ]
}