{
  "model": "f3",
  "K": 12,
  "params": {
    "w0": 3.0,
    "f0": 2.3239e-05,
    "gamma": 4.9194367717993535
  },
  "n_points": 53,
  "cost": 29.270381426547885,
  "pinned": true,
  "P_ext": [
    1.160115462913828e-07,
    1.8761826565165883e-07,
    3.0379430860487984e-07,
    4.926847668726655e-07,
    8.00644768283706e-07,
    1.3044832295663313e-06,
    2.1324092131568023e-06,
    3.50031828046013e-06,
    5.775517393694989e-06,
    9.590258074244795e-06,
    1.6046990711589757e-05,
    2.709482214107869e-05,
    4.6229542931040784e-05,
    7.981215505789864e-05,
    0.000139581778647892,
    0.0002474960885408121,
    0.0004451432200880686,
    0.0008121873811492236,
    0.0015027248770947254,
    0.002817096145791943,
    0.005343192336421036,
    0.010230556597658848,
    0.019704497872146107,
    0.03796357360487661,
    0.07251523247735767,
    0.13542571891760277,
    0.2422252924858127,
    0.4035727627858022,
    0.6068590049232355,
    0.8031064488645299
  ]
}