{
  "tempered": {
    "p_ladder": [
      0.006,
      0.005745619684191444,
      0.00550202425922803,
      0.005268756481119901,
      0.0050453784915222896,
      0.004831470995847765,
      0.004626632476223825,
      0.0044304784378185,
      0.0042426406871192875,
      0.00406276664081068,
      0.0038905186639530305,
      0.0037255734362204537,
      0.003567621345008165,
      0.0034163659042700766,
      0.0032715231979957744,
      0.003132821347282243,
      0.003
    ],
    "P_logical": [
      0.2143333333333333,
      0.183682877820327,
      0.15710460308132285,
      0.13405232786431867,
      0.11392663850848656,
      0.09634977982946148,
      0.08139478837270295,
      0.06874262084915826,
      0.05796530587248975,
      0.04848683867935931,
      0.04080210661604944,
      0.034132710686339614,
      0.028704366934331427,
      0.023986937784345463,
      0.020147681501906774,
      0.016950461743169193,
      0.014269892270799908
    ],
    "P_logical_se": [
      0.0074920970708152535,
      0.0065351590647113765,
      0.005606122784502237,
      0.004831382258219096,
      0.0041417033672377325,
      0.0035233433424075476,
      0.0029864293194200157,
      0.0025360078347765663,
      0.00216664801043846,
      0.001824201660858301,
      0.0015445860967382094,
      0.0012993468575918877,
      0.001099943859992052,
      0.0009215616859976157,
      0.0007751268649967529,
      0.0006533367664033909,
      0.0005518952677864669
    ]
  },
  "bracket": {
    "p_ladder": [
      0.006,
      0.005745619684191444,
      0.00550202425922803,
      0.005268756481119901,
      0.0050453784915222896,
      0.004831470995847765,
      0.004626632476223825,
      0.0044304784378185,
      0.0042426406871192875,
      0.00406276664081068,
      0.0038905186639530305,
      0.0037255734362204537,
      0.003567621345008165,
      0.0034163659042700766,
      0.0032715231979957744,
      0.003132821347282243,
      0.003
    ],
    "lo": [
      0.2143333333333333,
      0.17880123371174514,
      0.1458986431248833,
      0.11789400308211694,
      0.09450802845469071,
      0.07490132001977348,
      0.05741994179636333,
      0.04318954831608075,
      0.03187592216864376,
      0.023417500175050936,
      0.017109435472050027,
      0.012589910071119629,
      0.009207938197783334,
      0.0067857979818927595,
      0.004987392935046522,
      0.0036692133121757667,
      0.0027063583037629513
    ],
    "hi": [
      0.2143333333333333,
      0.2838973564065832,
      0.3578966033362997,
      0.42637988382771047,
      0.4788329849352549,
      0.51406414028918,
      0.5247451009230247,
      0.507004417172039,
      0.4690582643725638,
      0.4344923343890611,
      0.392694012049327,
      0.3470713018557949,
      0.3027022566916759,
      0.2566066916396101,
      0.21545270874850742,
      0.17899142316751,
      0.1519982207840105
    ]
  },
  "diagnostics": {
    "swap_accept": [
      0.8991666666666667,
      0.9058333333333334,
      0.9079166666666667,
      0.9183333333333333,
      0.9045833333333333,
      0.9108333333333334,
      0.9079166666666667,
      0.9216666666666666,
      0.9104166666666667,
      0.91875,
      0.9145833333333333,
      0.9170833333333334,
      0.9154166666666667,
      0.9145833333333333,
      0.92125,
      0.9325
    ],
    "mean_weight": [
      22.0625,
      21.306875,
      20.625,
      19.98625,
      19.4175,
      18.7875,
      18.153125,
      17.586875,
      17.188125,
      16.501875,
      16.10625,
      15.494375,
      15.149375,
      14.5725,
      14.085625,
      13.64125,
      13.25125
    ]
  },
  "compare": [
    {
      "p": 0.006,
      "tempered_P": 0.2143333333333333,
      "tempered_SE": 0.0074920970708152535,
      "ansatz_P": 0.2422252924858127,
      "over_P": 0.2143333333333333,
      "under_P": 0.2143333333333333,
      "bracket_lo": 0.2143333333333333,
      "bracket_hi": 0.2143333333333333,
      "ratio": 0.8848511694784595,
      "inside_bracket": true,
      "regime": "valid"
    },
    {
      "p": 0.005745619684191444,
      "tempered_P": 0.183682877820327,
      "tempered_SE": 0.0065351590647113765,
      "ansatz_P": 0.13542571891760277,
      "over_P": 0.2838973564065832,
      "under_P": 0.17880123371174514,
      "bracket_lo": 0.17880123371174514,
      "bracket_hi": 0.2838973564065832,
      "ratio": 1.3563367378694544,
      "inside_bracket": true,
      "regime": "valid"
    },
    {
      "p": 0.00550202425922803,
      "tempered_P": 0.15710460308132285,
      "tempered_SE": 0.005606122784502237,
      "ansatz_P": 0.13542571891760277,
      "over_P": 0.3578966033362997,
      "under_P": 0.1458986431248833,
      "bracket_lo": 0.1458986431248833,
      "bracket_hi": 0.3578966033362997,
      "ratio": 1.1600795206183117,
      "inside_bracket": true,
      "regime": "valid"
    },
    {
      "p": 0.005268756481119901,
      "tempered_P": 0.13405232786431867,
      "tempered_SE": 0.004831382258219096,
      "ansatz_P": 0.13542571891760277,
      "over_P": 0.42637988382771047,
      "under_P": 0.11789400308211694,
      "bracket_lo": 0.11789400308211694,
      "bracket_hi": 0.42637988382771047,
      "ratio": 0.9898587132173933,
      "inside_bracket": true,
      "regime": "valid"
    },
    {
      "p": 0.0050453784915222896,
      "tempered_P": 0.11392663850848656,
      "tempered_SE": 0.0041417033672377325,
      "ansatz_P": 0.13542571891760277,
      "over_P": 0.4788329849352549,
      "under_P": 0.09450802845469071,
      "bracket_lo": 0.09450802845469071,
      "bracket_hi": 0.4788329849352549,
      "ratio": 0.8412481722013458,
      "inside_bracket": true,
      "regime": "valid"
    },
    {
      "p": 0.004831470995847765,
      "tempered_P": 0.09634977982946148,
      "tempered_SE": 0.0035233433424075476,
      "ansatz_P": 0.07251523247735767,
      "over_P": 0.51406414028918,
      "under_P": 0.07490132001977348,
      "bracket_lo": 0.07490132001977348,
      "bracket_hi": 0.51406414028918,
      "ratio": 1.3286833198741517,
      "inside_bracket": true,
      "regime": "valid"
    },
    {
      "p": 0.004626632476223825,
      "tempered_P": 0.08139478837270295,
      "tempered_SE": 0.0029864293194200157,
      "ansatz_P": 0.07251523247735767,
      "over_P": 0.5247451009230247,
      "under_P": 0.05741994179636333,
      "bracket_lo": 0.05741994179636333,
      "bracket_hi": 0.5247451009230247,
      "ratio": 1.1224509057199514,
      "inside_bracket": true,
      "regime": "valid"
    },
    {
      "p": 0.0044304784378185,
      "tempered_P": 0.06874262084915826,
      "tempered_SE": 0.0025360078347765663,
      "ansatz_P": 0.07251523247735767,
      "over_P": 0.507004417172039,
      "under_P": 0.04318954831608075,
      "bracket_lo": 0.04318954831608075,
      "bracket_hi": 0.507004417172039,
      "ratio": 0.9479749081770182,
      "inside_bracket": true,
      "regime": "valid"
    },
    {
      "p": 0.0042426406871192875,
      "tempered_P": 0.05796530587248975,
      "tempered_SE": 0.00216664801043846,
      "ansatz_P": 0.07251523247735767,
      "over_P": 0.4690582643725638,
      "under_P": 0.03187592216864376,
      "bracket_lo": 0.03187592216864376,
      "bracket_hi": 0.4690582643725638,
      "ratio": 0.7993535136302429,
      "inside_bracket": true,
      "regime": "valid"
    },
    {
      "p": 0.00406276664081068,
      "tempered_P": 0.04848683867935931,
      "tempered_SE": 0.001824201660858301,
      "ansatz_P": 0.03796357360487661,
      "over_P": 0.4344923343890611,
      "under_P": 0.023417500175050936,
      "bracket_lo": 0.023417500175050936,
      "bracket_hi": 0.4344923343890611,
      "ratio": 1.2771937432447333,
      "inside_bracket": true,
      "regime": "valid"
    },
    {
      "p": 0.0038905186639530305,
      "tempered_P": 0.04080210661604944,
      "tempered_SE": 0.0015445860967382094,
      "ansatz_P": 0.03796357360487661,
      "over_P": 0.392694012049327,