{
  "model": "f3",
  "K": 12,
  "params": {
    "w0": 6.0,
    "f0": 5.113447843922048e-10,
    "gamma": 8.444902100287495
  },
  "n_points": 39,
  "cost": 338.74669065236276,
  "pinned": true,
  "P_ext": [
    7.003067040724499e-19,
    1.8014865801259796e-18,
    4.628087155308779e-18,
    1.1871604426986005e-17,
    3.039847929604378e-17,
    7.768059751395434e-17,
    1.9804371224454685e-16,
    5.035615162848155e-16,
    1.2765222131623038e-15,
    3.224913490064483e-15,
    8.116016567375479e-15,
    2.0338673345055315e-14,
    5.073243045639652e-14,
    1.2591728223879436e-13,
    3.1090155818494823e-13,
    7.636249190445426e-13,
    1.8662192433158e-12,
    4.541039461542476e-12,
    1.1015020827803008e-11,
    2.668624292821047e-11,
    6.475183586813689e-11,
    1.579182800960788e-10,
    3.887580999564276e-10,
    9.704828814106504e-10,
    2.4675621225219956e-09,
    6.413673232614062e-09,
    1.708449051002272e-08,
    4.6701291855540175e-08,
    1.3104619679320042e-07,
    3.7733172172579966e-07
  ]
}