{
  "model": "f3",
  "K": 12,
  "params": {
    "w0": 69.99999999728824,
    "f0": 0.10205666378909256,
    "gamma": 10.178478058231512
  },
  "n_points": 168,
  "cost": 12.725502409579478,
  "pinned": true,
  "P_ext": [
    1.2082939573493392e-96,
    6.624260650835172e-92,
    3.506359230612379e-87,
    1.781181220641011e-82,
    8.622253534047614e-78,
    3.944530989740747e-73,
    1.6889437614197238e-68,
    6.691761323956979e-64,
    2.4209445517948997e-59,
    7.873566220335076e-55,
    2.2602925542704357e-50,
    5.6062670834742245e-46,
    1.1717240580777425e-41,
    2.004001962214052e-37,
    2.710299208145956e-33,
    2.784852399638113e-29,
    2.0747529927848514e-25,
    1.0613734185191244e-21,
    3.499629655012236e-18,
    6.911906728404667e-15,
    7.51588385817124e-12,
    4.088556249458146e-09,
    1.0006999782682942e-06,
    9.866797497079555e-05,
    0.0035593111231372364,
    0.04555026796985074,
    0.23390365134994762,
    0.6100016692886041,
    0.9231605221833155,
    0.9967145247255083
  ]
}